project,module,#total_failures,#single_mapped,#multi_mapped,#none_mapped
activiti.activiti,Activiti-activiti-api-impl-activiti-api-process-runtime-impl,0,0,0,0
activiti.activiti,Activiti-activiti-api-impl-activiti-api-task-runtime-impl,0,0,0,0
activiti.activiti,Activiti-activiti-bpmn-converter,0,0,0,0
activiti.activiti,Activiti-activiti-engine,170,168,2,0
activiti.activiti,Activiti-activiti-image-generator,12,12,0,0
activiti.activiti,Activiti-activiti-json-converter,0,0,0,0
activiti.activiti,Activiti-activiti-process-validation,0,0,0,0
activiti.activiti,Activiti-activiti-spring,216,120,28,68
activiti.activiti,Activiti-activiti-spring-boot-starter,78,66,12,0
apache.oozie,oozie-client,0,0,0,0
apache.oozie,oozie-core,7158,6518,640,0
apache.oozie,oozie-fluent-job-fluent-job-api,0,0,0,0
apache.oozie,oozie-sharelib-hcatalog,0,0,0,0
apache.oozie,oozie-sharelib-oozie,0,0,0,0
apache.oozie,oozie-sharelib-streaming,69,69,0,0
apache.pulsar,pulsar-managed-ledger,547,531,0,16
brianfrankcooper.ycsb,YCSB-accumulo1.6,20,20,0,0
brianfrankcooper.ycsb,YCSB-accumulo1.7,20,20,0,0
brianfrankcooper.ycsb,YCSB-accumulo1.8,20,20,0,0
brianfrankcooper.ycsb,YCSB-cassandra,28,28,0,0
brianfrankcooper.ycsb,YCSB-elasticsearch,20,20,0,0
brianfrankcooper.ycsb,YCSB-hbase10,0,0,0,0
brianfrankcooper.ycsb,YCSB-ignite,40,40,0,0
brianfrankcooper.ycsb,YCSB-jdbc,0,0,0,0
brianfrankcooper.ycsb,YCSB-mongodb,0,0,0,0
brianfrankcooper.ycsb,YCSB-orientdb,4,4,0,0
brianfrankcooper.ycsb,YCSB-rest,2,2,0,0
brianfrankcooper.ycsb,YCSB-rocksdb,0,0,0,0
bytedeco.javacpp,javacpp-,36,36,0,0
chanjarster.weixin-java-tools,weixin-java-tools-weixin-java-common,44,44,0,0
confluentinc.ksql,ksql-ksql-common,0,0,0,0
confluentinc.ksql,ksql-ksql-metastore,0,0,0,0
confluentinc.ksql,ksql-ksql-parser,0,0,0,0
elasticjob.elastic-job-lite,elastic-job-lite-elastic-job-lite-console,0,0,0,0
elasticjob.elastic-job-lite,elastic-job-lite-elastic-job-lite-core,41,14,0,27
elasticjob.elastic-job-lite,elastic-job-lite-elastic-job-lite-lifecycle,37,35,0,2
elasticjob.elastic-job-lite,elastic-job-lite-elastic-job-lite-spring,11,11,0,0
google.error-prone,error-prone-annotation,0,0,0,0
google.error-prone,error-prone-check_api,0,0,0,0
google.error-prone,error-prone-core,10603,10603,0,0
google.error-prone,error-prone-docgen,0,0,0,0
google.error-prone,error-prone-test_helpers,132,132,0,0
iluwatar.java-design-patterns,java-design-patterns-partial-response,0,0,0,0
iluwatar.java-design-patterns,java-design-patterns-serverless,0,0,0,0
iluwatar.java-design-patterns,java-design-patterns-unit-of-work,0,0,0,0
immutables.immutables,immutables-testing,0,0,0,0
jakewharton.disklrucache,DiskLruCache-,240,240,0,0
jenkinsci.jenkins,jenkins-cli,0,0,0,0
jknack.handlebars.java,handlebars.java-handlebars,53,24,27,2
jknack.handlebars.java,handlebars.java-handlebars-springmvc,0,0,0,0
nanohttpd.nanohttpd,nanohttpd-core,20,20,0,0
nanohttpd.nanohttpd,nanohttpd-fileupload,6,6,0,0
nanohttpd.nanohttpd,nanohttpd-nanolets,0,0,0,0
nanohttpd.nanohttpd,nanohttpd-websocket,0,0,0,0
netflix.curator,curator-,38,38,0,0
ninjaframework.ninja,ninja-ninja-core,7,7,0,0
ninjaframework.ninja,ninja-ninja-maven-plugin,14,0,0,14
ninjaframework.ninja,ninja-ninja-metrics,0,0,0,0
ninjaframework.ninja,ninja-ninja-metrics-graphite,0,0,0,0
ninjaframework.ninja,ninja-ninja-postoffice,0,0,0,0
ninjaframework.ninja,ninja-ninja-servlet,0,0,0,0
ninjaframework.ninja,ninja-ninja-standalone,0,0,0,0
ninjaframework.ninja,ninja-ninja-websockets-jsr356,0,0,0,0
nutzam.nutz,nutz-,6,6,0,0
ronmamo.reflections,reflections-,2,2,0,0
addthis.stream-lib,stream-lib-,0,0,0,0
alibaba.arthas,arthas-core,0,0,0,0
alibaba.fastjson,fastjson-,22,5,2,15
alipay.sofa-jarslink,sofa-jarslink-sofa-jarslink-parent-core-impl-runtime,0,0,0,0
alipay.sofa-jarslink,sofa-jarslink-sofa-jarslink-parent-integration,0,0,0,0
apache.ambari,ambari-ambari-server-spi,0,0,0,0
apache.ambari,ambari-ambari-utility,0,0,0,0
apache.ambari,ambari-ambari-views,3,3,0,0
apache.camel,camel-components-camel-ahc,0,0,0,0
apache.camel,camel-components-camel-ahc-ws,6,6,0,0
apache.camel,camel-components-camel-amqp,0,0,0,0
apache.camel,camel-components-camel-apns,0,0,0,0
apache.camel,camel-components-camel-asterisk,0,0,0,0
apache.camel,camel-components-camel-atmos,0,0,0,0
apache.camel,camel-components-camel-atmosphere-websocket,20,0,20,0
apache.camel,camel-components-camel-atom,38,6,32,0
apache.camel,camel-components-camel-bam,6,6,0,0
apache.camel,camel-components-camel-blueprint,0,0,0,0
apache.camel,camel-components-camel-cxf,156,42,114,0
apache.camel,camel-components-camel-cxf-transport,0,0,0,0
apache.camel,camel-components-camel-groovy,0,0,0,0
apache.camel,camel-components-camel-http,28,28,0,0
apache.camel,camel-components-camel-http-common,0,0,0,0
apache.camel,camel-components-camel-http4,12,12,0,0
apache.camel,camel-components-camel-jackson,0,0,0,0
apache.camel,camel-components-camel-jaxb,0,0,0,0
apache.camel,camel-components-camel-jetty9,40,30,10,0
apache.camel,camel-components-camel-juel,0,0,0,0
apache.camel,camel-components-camel-jxpath,0,0,0,0
apache.camel,camel-components-camel-spring,270,49,221,0
apache.camel,camel-components-camel-spring-javaconfig,0,0,0,0
apache.camel,camel-components-camel-swagger-java,0,0,0,0
apache.camel,camel-components-camel-test,2,2,0,0
apache.camel,camel-components-camel-undertow,6,6,0,0
apache.camel,camel-tooling-apt,0,0,0,0
apache.camel,camel-tooling-json-simple-ordered,3,3,0,0
apache.camel,camel-tooling-maven-camel-api-component-maven-plugin,12,12,0,0
apache.camel,camel-tooling-maven-camel-eip-documentation-enricher-maven-plugin,0,0,0,0
apache.commons-exec,commons-exec-,0,0,0,0
apache.flink,flink-flink-core,79,79,0,0
apache.flink,flink-flink-filesystems-flink-hadoop-fs,24,24,0,0
apache.flink,flink-flink-filesystems-flink-mapr-fs,0,0,0,0
apache.flink,flink-flink-filesystems-flink-s3-fs-base,0,0,0,0
apache.flink,flink-flink-filesystems-flink-s3-fs-hadoop,0,0,0,0
apache.flink,flink-flink-filesystems-flink-s3-fs-presto,0,0,0,0
apache.flink,flink-flink-formats-flink-avro-confluent-registry,0,0,0,0
apache.flink,flink-flink-java,0,0,0,0
apache.flink,flink-flink-metrics-flink-metrics-core,0,0,0,0
apache.flink,flink-flink-metrics-flink-metrics-datadog,0,0,0,0
apache.flink,flink-flink-queryable-state-flink-queryable-state-client-java,0,0,0,0
apache.flink,flink-flink-test-utils-parent-flink-test-utils-junit,17,17,0,0
apache.hadoop,hadoop-hadoop-client-modules-hadoop-client-check-invariants,0,0,0,0
apache.hadoop,hadoop-hadoop-common-project-hadoop-auth,0,0,0,0
apache.hadoop,hadoop-hadoop-common-project-hadoop-minikdc,4,4,0,0
apache.hadoop,hadoop-hadoop-common-project-hadoop-nfs,0,0,0,0
apache.hadoop,hadoop-hadoop-hdfs-project-hadoop-hdfs-httpfs,113,24,27,62
apache.hadoop,hadoop-hadoop-hdfs-project-hadoop-hdfs-nfs,87,37,23,27
apache.hadoop,hadoop-hadoop-mapreduce-project-hadoop-mapreduce-client-hadoop-mapreduce-client-app,541,468,66,7
apache.hadoop,hadoop-hadoop-mapreduce-project-hadoop-mapreduce-client-hadoop-mapreduce-client-core,256,226,22,8
apache.hadoop,hadoop-hadoop-mapreduce-project-hadoop-mapreduce-client-hadoop-mapreduce-client-hs,138,127,7,4
apache.hadoop,hadoop-hadoop-mapreduce-project-hadoop-mapreduce-client-hadoop-mapreduce-client-jobclient,192,136,55,1
apache.hadoop,hadoop-hadoop-yarn-project-hadoop-yarn-hadoop-yarn-applications-hadoop-yarn-applications-distributedshell,0,0,0,0
apache.hadoop,hadoop-hadoop-yarn-project-hadoop-yarn-hadoop-yarn-registry,34,34,0,0
apache.hadoop,hadoop-hadoop-yarn-project-hadoop-yarn-hadoop-yarn-server-hadoop-yarn-server-router,24,24,0,0
apache.hadoop,hadoop-hadoop-yarn-project-hadoop-yarn-hadoop-yarn-server-hadoop-yarn-server-sharedcachemanager,25,25,0,0
apache.hadoop,hadoop-hadoop-yarn-project-hadoop-yarn-hadoop-yarn-server-hadoop-yarn-server-timeline-pluginstorage,206,134,28,44
apache.hadoop,hadoop-hadoop-yarn-project-hadoop-yarn-hadoop-yarn-server-hadoop-yarn-server-timelineservice,117,91,15,11
apache.hadoop,hadoop-hadoop-yarn-project-hadoop-yarn-hadoop-yarn-server-hadoop-yarn-server-timelineservice-hbase-hadoop-yarn-server-timelineservice-hbase-client,14,11,3,0
apache.hadoop,hadoop-hadoop-yarn-project-hadoop-yarn-hadoop-yarn-server-hadoop-yarn-server-timelineservice-hbase-hadoop-yarn-server-timelineservice-hbase-common,0,0,0,0
apache.hadoop,hadoop-hadoop-yarn-project-hadoop-yarn-hadoop-yarn-server-hadoop-yarn-server-timelineservice-hbase-tests,205,137,30,38
apache.hadoop,hadoop-hadoop-yarn-project-hadoop-yarn-hadoop-yarn-server-hadoop-yarn-server-web-proxy,43,16,4,23
apache.hbase,hbase-hbase-client,0,0,0,0
apache.hbase,hbase-hbase-common,3,3,0,0
apache.hbase,hbase-hbase-hadoop-compat,0,0,0,0
apache.hbase,hbase-hbase-hadoop2-compat,0,0,0,0
apache.hbase,hbase-hbase-http,54,54,0,0
apache.hbase,hbase-hbase-metrics,0,0,0,0
apache.hbase,hbase-hbase-metrics-api,0,0,0,0
apache.hbase,hbase-hbase-procedure,1,1,0,0
apache.hbase,hbase-hbase-zookeeper,3,3,0,0
apache.httpcore,httpcore-httpcore5,3,3,0,0
apache.httpcore,httpcore-httpcore5-h2,0,0,0,0
apache.httpcore,httpcore-httpcore5-reactive,0,0,0,0
apache.httpcore,httpcore-httpcore5-testing,0,0,0,0
apache.ignite,ignite-modules-core,100,34,66,0
apache.incubator-dubbo,incubator-dubbo-dubbo-all,2,2,0,0
apache.incubator-dubbo,incubator-dubbo-dubbo-bom,1,1,0,0
apache.incubator-dubbo,incubator-dubbo-dubbo-bootstrap,1,1,0,0
apache.incubator-dubbo,incubator-dubbo-dubbo-cluster,20,12,0,8
apache.incubator-dubbo,incubator-dubbo-dubbo-common,6,6,0,0
apache.incubator-dubbo,incubator-dubbo-dubbo-compatible,5,2,0,3
apache.incubator-dubbo,incubator-dubbo-dubbo-config-dubbo-config-api,27,14,13,0
apache.incubator-dubbo,incubator-dubbo-dubbo-config-dubbo-config-spring,73,34,30,9
apache.incubator-dubbo,incubator-dubbo-dubbo-container-dubbo-container-log4j,0,0,0,0
apache.incubator-dubbo,incubator-dubbo-dubbo-container-dubbo-container-logback,3,3,0,0
apache.incubator-dubbo,incubator-dubbo-dubbo-container-dubbo-container-spring,3,3,0,0
apache.incubator-dubbo,incubator-dubbo-dubbo-demo-dubbo-demo-provider,0,0,0,0
apache.incubator-dubbo,incubator-dubbo-dubbo-filter-dubbo-filter-cache,3,3,0,0
apache.incubator-dubbo,incubator-dubbo-dubbo-filter-dubbo-filter-validation,0,0,0,0
apache.incubator-dubbo,incubator-dubbo-dubbo-metrics-dubbo-metrics-api,0,0,0,0
apache.incubator-dubbo,incubator-dubbo-dubbo-monitor-dubbo-monitor-api,0,0,0,0
apache.incubator-dubbo,incubator-dubbo-dubbo-monitor-dubbo-monitor-default,10,5,5,0
apache.incubator-dubbo,incubator-dubbo-dubbo-plugin,1,1,0,0
apache.incubator-dubbo,incubator-dubbo-dubbo-plugin-dubbo-qos,4,4,0,0
apache.incubator-dubbo,incubator-dubbo-dubbo-registry-dubbo-registry-api,0,0,0,0
apache.incubator-dubbo,incubator-dubbo-dubbo-registry-dubbo-registry-default,7,7,0,0
apache.incubator-dubbo,incubator-dubbo-dubbo-registry-dubbo-registry-multicast,1,1,0,0
apache.incubator-dubbo,incubator-dubbo-dubbo-registry-dubbo-registry-redis,3,3,0,0
apache.incubator-dubbo,incubator-dubbo-dubbo-registry-dubbo-registry-zookeeper,4,4,0,0
apache.incubator-dubbo,incubator-dubbo-dubbo-remoting-dubbo-remoting-api,0,0,0,0
apache.incubator-dubbo,incubator-dubbo-dubbo-remoting-dubbo-remoting-http,4,4,0,0
apache.incubator-dubbo,incubator-dubbo-dubbo-remoting-dubbo-remoting-mina,4,4,0,0
apache.incubator-dubbo,incubator-dubbo-dubbo-remoting-dubbo-remoting-netty,5,5,0,0
apache.incubator-dubbo,incubator-dubbo-dubbo-remoting-dubbo-remoting-netty4,1,1,0,0
apache.incubator-dubbo,incubator-dubbo-dubbo-remoting-dubbo-remoting-p2p,4,4,0,0
apache.incubator-dubbo,incubator-dubbo-dubbo-remoting-dubbo-remoting-zookeeper,4,4,0,0
apache.incubator-dubbo,incubator-dubbo-dubbo-rpc-dubbo-rpc-api,9,9,0,0
apache.incubator-dubbo,incubator-dubbo-dubbo-rpc-dubbo-rpc-dubbo,12,10,0,2
apache.incubator-dubbo,incubator-dubbo-dubbo-rpc-dubbo-rpc-hessian,4,4,0,0
apache.incubator-dubbo,incubator-dubbo-dubbo-rpc-dubbo-rpc-http,12,12,0,0
apache.incubator-dubbo,incubator-dubbo-dubbo-rpc-dubbo-rpc-injvm,0,0,0,0
apache.incubator-dubbo,incubator-dubbo-dubbo-rpc-dubbo-rpc-redis,4,4,0,0
apache.incubator-dubbo,incubator-dubbo-dubbo-rpc-dubbo-rpc-rest,4,4,0,0
apache.incubator-dubbo,incubator-dubbo-dubbo-rpc-dubbo-rpc-rmi,4,4,0,0
apache.incubator-dubbo,incubator-dubbo-dubbo-rpc-dubbo-rpc-thrift,6,6,0,0
apache.incubator-dubbo,incubator-dubbo-dubbo-rpc-dubbo-rpc-webservice,4,4,0,0
apache.incubator-dubbo,incubator-dubbo-dubbo-serialization-dubbo-serialization-api,0,0,0,0
apache.incubator-dubbo,incubator-dubbo-dubbo-serialization-dubbo-serialization-fastjson,5,5,0,0
apache.incubator-dubbo,incubator-dubbo-dubbo-serialization-dubbo-serialization-fst,7,7,0,0
apache.incubator-dubbo,incubator-dubbo-dubbo-serialization-dubbo-serialization-hessian2,0,0,0,0
apache.incubator-dubbo,incubator-dubbo-dubbo-serialization-dubbo-serialization-jdk,3,3,0,0
apache.incubator-dubbo,incubator-dubbo-dubbo-serialization-dubbo-serialization-kryo,3,3,0,0
apache.incubator-dubbo,incubator-dubbo-dubbo-test,1,1,0,0
apache.jackrabbit-oak,jackrabbit-oak-oak-api,0,0,0,0
apache.jackrabbit-oak,jackrabbit-oak-oak-auth-external,0,0,0,0
apache.jackrabbit-oak,jackrabbit-oak-oak-auth-ldap,41,41,0,0
apache.jackrabbit-oak,jackrabbit-oak-oak-authorization-cug,0,0,0,0
apache.jackrabbit-oak,jackrabbit-oak-oak-blob,0,0,0,0
apache.jackrabbit-oak,jackrabbit-oak-oak-blob-cloud-azure,0,0,0,0
apache.jackrabbit-oak,jackrabbit-oak-oak-blob-plugins,3,3,0,0
apache.jackrabbit-oak,jackrabbit-oak-oak-commons,0,0,0,0
apache.jackrabbit-oak,jackrabbit-oak-oak-core,6,6,0,0
apache.jackrabbit-oak,jackrabbit-oak-oak-core-spi,0,0,0,0
apache.jackrabbit-oak,jackrabbit-oak-oak-examples,14,12,0,2
apache.jackrabbit-oak,jackrabbit-oak-oak-it,0,0,0,0
apache.jackrabbit-oak,jackrabbit-oak-oak-jcr,1618,386,1232,0
apache.jackrabbit-oak,jackrabbit-oak-oak-lucene,60,60,0,0
apache.jackrabbit-oak,jackrabbit-oak-oak-pojosr,54,52,0,2
apache.jackrabbit-oak,jackrabbit-oak-oak-query-spi,0,0,0,0
apache.jackrabbit-oak,jackrabbit-oak-oak-run,0,0,0,0
apache.jackrabbit-oak,jackrabbit-oak-oak-run-commons,0,0,0,0
apache.jackrabbit-oak,jackrabbit-oak-oak-search,0,0,0,0
apache.jackrabbit-oak,jackrabbit-oak-oak-security-spi,0,0,0,0
apache.jackrabbit-oak,jackrabbit-oak-oak-segment-azure,0,0,0,0
apache.jackrabbit-oak,jackrabbit-oak-oak-segment-tar,11,11,0,0
apache.jackrabbit-oak,jackrabbit-oak-oak-solr-core,44,42,0,2
apache.jackrabbit-oak,jackrabbit-oak-oak-store-composite,0,0,0,0
apache.jackrabbit-oak,jackrabbit-oak-oak-store-document,2,2,0,0
apache.jackrabbit-oak,jackrabbit-oak-oak-store-spi,0,0,0,0
apache.jackrabbit-oak,jackrabbit-oak-oak-upgrade,48,44,0,4
apache.struts,Struts-plugins-async,0,0,0,0
apache.struts,Struts-plugins-bean-validation,0,0,0,0
apache.struts,Struts-plugins-cdi,0,0,0,0
apache.struts,Struts-plugins-convention,0,0,0,0
apache.struts,Struts-plugins-embeddedjsp,6,6,0,0
apache.struts,Struts-plugins-jasperreports,0,0,0,0
apache.struts,Struts-plugins-javatemplates,0,0,0,0
apache.struts,Struts-plugins-jfreechart,0,0,0,0
apache.struts,Struts-plugins-json,0,0,0,0
apache.struts,Struts-plugins-junit,0,0,0,0
apache.struts,Struts-plugins-osgi,0,0,0,0
apache.struts,Struts-plugins-oval,0,0,0,0
apache.struts,Struts-plugins-portlet,24,12,12,0
apache.struts,Struts-plugins-rest,0,0,0,0
apache.struts,Struts-plugins-sitegraph,0,0,0,0
apache.struts,Struts-plugins-spring,0,0,0,0
apache.struts,Struts-plugins-testng,0,0,0,0
apache.struts,Struts-plugins-tiles,0,0,0,0
brianway.java-learning,java-learning-java8,0,0,0,0
checkstyle.checkstyle,checkstyle-,0,0,0,0
chewiebug.gcviewer,GCViewer-,0,0,0,0
crawlscript.webcollector,WebCollector-,2,2,0,0
crossoverjie.jcsprout,JCSprout-,0,0,0,0
doanduyhai.achilles,Achilles-achilles-common,0,0,0,0
doanduyhai.achilles,Achilles-achilles-core,0,0,0,0
doanduyhai.achilles,Achilles-achilles-embedded,0,0,0,0
doanduyhai.achilles,Achilles-integration-test-2_1,46,46,0,0
doanduyhai.achilles,Achilles-integration-test-2_2,24,18,0,6
doanduyhai.achilles,Achilles-integration-test-3_0,3,3,0,0
doanduyhai.achilles,Achilles-integration-test-3_10,8,8,0,0
doanduyhai.achilles,Achilles-integration-test-3_2,0,0,0,0
doanduyhai.achilles,Achilles-integration-test-3_6,0,0,0,0
doanduyhai.achilles,Achilles-integration-test-3_7,18,18,0,0
doanduyhai.achilles,Achilles-integration-test-3_8,0,0,0,0
dropwizard.dropwizard,dropwizard-dropwizard-assets,0,0,0,0
dropwizard.dropwizard,dropwizard-dropwizard-auth,0,0,0,0
dropwizard.dropwizard,dropwizard-dropwizard-client,81,81,0,0
dropwizard.dropwizard,dropwizard-dropwizard-configuration,0,0,0,0
dropwizard.dropwizard,dropwizard-dropwizard-core,0,0,0,0
dropwizard.dropwizard,dropwizard-dropwizard-db,0,0,0,0
dropwizard.dropwizard,dropwizard-dropwizard-e2e,48,48,0,0
dropwizard.dropwizard,dropwizard-dropwizard-forms,0,0,0,0
dropwizard.dropwizard,dropwizard-dropwizard-hibernate,18,18,0,0
dropwizard.dropwizard,dropwizard-dropwizard-http2,9,9,0,0
dropwizard.dropwizard,dropwizard-dropwizard-jackson,0,0,0,0
dropwizard.dropwizard,dropwizard-dropwizard-jdbi,6,6,0,0
dropwizard.dropwizard,dropwizard-dropwizard-jdbi3,0,0,0,0
dropwizard.dropwizard,dropwizard-dropwizard-jersey,180,180,0,0
dropwizard.dropwizard,dropwizard-dropwizard-jetty,0,0,0,0
dropwizard.dropwizard,dropwizard-dropwizard-json-logging,0,0,0,0
dropwizard.dropwizard,dropwizard-dropwizard-lifecycle,0,0,0,0
dropwizard.dropwizard,dropwizard-dropwizard-logging,8,5,0,3
dropwizard.dropwizard,dropwizard-dropwizard-metrics,0,0,0,0
dropwizard.dropwizard,dropwizard-dropwizard-metrics-graphite,0,0,0,0
dropwizard.dropwizard,dropwizard-dropwizard-migrations,0,0,0,0
dropwizard.dropwizard,dropwizard-dropwizard-request-logging,0,0,0,0
dropwizard.dropwizard,dropwizard-dropwizard-servlets,0,0,0,0
dropwizard.dropwizard,dropwizard-dropwizard-testing,159,112,0,47
dropwizard.dropwizard,dropwizard-dropwizard-util,0,0,0,0
dropwizard.dropwizard,dropwizard-dropwizard-validation,0,0,0,0
dropwizard.dropwizard,dropwizard-dropwizard-views,0,0,0,0
dropwizard.dropwizard,dropwizard-dropwizard-views-freemarker,0,0,0,0
dropwizard.dropwizard,dropwizard-dropwizard-views-mustache,6,6,0,0
google.closure-compiler,closure-compiler-,5616,4,5612,0
google.gson,gson-gson,0,0,0,0
google.guice,guice-core,3,3,0,0
google.guice,guice-extensions-assistedinject,0,0,0,0
google.guice,guice-extensions-dagger-adapter,0,0,0,0
google.guice,guice-extensions-grapher,0,0,0,0
google.guice,guice-extensions-persist,21,21,0,0
google.guice,guice-extensions-servlet,0,0,0,0
google.guice,guice-extensions-spring,0,0,0,0
google.guice,guice-extensions-struts2,0,0,0,0
google.guice,guice-extensions-testlib,0,0,0,0
google.guice,guice-extensions-throwingproviders,0,0,0,0
google.guice,guice-jdk8-tests,0,0,0,0
google.jimfs,jimfs-jimfs,0,0,0,0
hazelcast.hazelcast,hazelcast-hazelcast,79,16,63,0
hector-client.hector,hector-core,276,256,20,0
hector-client.hector,hector-object-mapper,0,0,0,0
jakewharton.rxrelay,RxRelay-,0,0,0,0
apache.camel,camel-components-camel-context,0,0,0,0
apache.camel,camel-components-camel-core-xml,0,0,0,0
apache.hadoop,hadoop-hadoop-mapreduce-project-hadoop-mapreduce-client,0,0,0,0
alipay.sofa-boot,sofa-boot-healthcheck-sofa-boot-starter,2,2,0,0
alipay.sofa-boot,sofa-boot-infra-sofa-boot-starter,4,4,0,0
alipay.sofa-boot,sofa-boot-isle-sofa-boot-starter,0,0,0,0
alipay.sofa-boot,sofa-boot-runtime-sofa-boot-starter,4,4,0,0
alipay.sofa-boot,sofa-boot-test-sofa-boot-starter,0,0,0,0
apache.hbase,hbase-hbase-replication,7,7,0,0
bonnyfone.vectalign,vectalign-,0,0,0,0
brianfrankcooper.ycsb,YCSB-asynchbase,4,1,3,0
bukkit.bukkit,Bukkit-,0,0,0,0
doanduyhai.achilles,Achilles-achilles-junit,0,0,0,0
fasterxml.jackson-databind,jackson-databind-,0,0,0,0
guoguibing.librec,librec-core,29,29,0,0
jenkinsci.jenkins,jenkins-core,8,8,0,0
jfree.jfreechart,jfreechart-,1,1,0,0
jhy.jsoup,jsoup-,0,0,0,0
jodaorg.joda-time,joda-time-,0,0,0,0
joel-costigliola.assertj-core,assertj-core-,845,388,255,202
johncarl81.parceler,parceler-parceler,0,0,0,0
johncarl81.parceler,parceler-parceler-api,0,0,0,0
kevinsawicki.http-request,http-request-lib,25,25,0,0
knightliao.disconf,disconf-disconf-client,1,1,0,0
knightliao.disconf,disconf-disconf-core,11,11,0,0
knowm.xchange,XChange-xchange-abucoins,0,0,0,0
knowm.xchange,XChange-xchange-acx,0,0,0,0
knowm.xchange,XChange-xchange-anx,0,0,0,0
knowm.xchange,XChange-xchange-bibox,0,0,0,0
knowm.xchange,XChange-xchange-bitbay,0,0,0,0
knowm.xchange,XChange-xchange-bitcoinaverage,0,0,0,0
knowm.xchange,XChange-xchange-bitcoincore,0,0,0,0
knowm.xchange,XChange-xchange-bitcoinde,0,0,0,0
knowm.xchange,XChange-xchange-bitcoinium,0,0,0,0
knowm.xchange,XChange-xchange-bitcointoyou,0,0,0,0
knowm.xchange,XChange-xchange-bitfinex,0,0,0,0
knowm.xchange,XChange-xchange-bitflyer,0,0,0,0
knowm.xchange,XChange-xchange-bitmarket,0,0,0,0
knowm.xchange,XChange-xchange-bitmex,0,0,0,0
knowm.xchange,XChange-xchange-bitstamp,0,0,0,0
knowm.xchange,XChange-xchange-bittrex,5,5,0,0
knowm.xchange,XChange-xchange-bity,0,0,0,0
knowm.xchange,XChange-xchange-bitz,0,0,0,0
knowm.xchange,XChange-xchange-bleutrade,0,0,0,0
knowm.xchange,XChange-xchange-btcc,0,0,0,0
knowm.xchange,XChange-xchange-btcmarkets,0,0,0,0
knowm.xchange,XChange-xchange-btctrade,0,0,0,0
knowm.xchange,XChange-xchange-btcturk,0,0,0,0
knowm.xchange,XChange-xchange-campbx,0,0,0,0
knowm.xchange,XChange-xchange-ccex,0,0,0,0
knowm.xchange,XChange-xchange-cexio,0,0,0,0
knowm.xchange,XChange-xchange-coinbase,0,0,0,0
knowm.xchange,XChange-xchange-coinbasepro,0,0,0,0
knowm.xchange,XChange-xchange-coindirect,0,0,0,0
knowm.xchange,XChange-xchange-coinegg,0,0,0,0
knowm.xchange,XChange-xchange-coinfloor,0,0,0,0
knowm.xchange,XChange-xchange-coingi,0,0,0,0
knowm.xchange,XChange-xchange-coinmarketcap,0,0,0,0
knowm.xchange,XChange-xchange-coinmate,0,0,0,0
knowm.xchange,XChange-xchange-coinone,0,0,0,0
knowm.xchange,XChange-xchange-core,0,0,0,0
knowm.xchange,XChange-xchange-cryptofacilities,0,0,0,0
knowm.xchange,XChange-xchange-cryptonit,0,0,0,0
knowm.xchange,XChange-xchange-cryptopia,0,0,0,0
knowm.xchange,XChange-xchange-dsx,0,0,0,0
knowm.xchange,XChange-xchange-fcoin,0,0,0,0
knowm.xchange,XChange-xchange-gatecoin,0,0,0,0
knowm.xchange,XChange-xchange-gateio,0,0,0,0
knowm.xchange,XChange-xchange-gdax,0,0,0,0
knowm.xchange,XChange-xchange-gemini,0,0,0,0
knowm.xchange,XChange-xchange-hitbtc,0,0,0,0
knowm.xchange,XChange-xchange-independentreserve,0,0,0,0
knowm.xchange,XChange-xchange-itbit,0,0,0,0
knowm.xchange,XChange-xchange-koineks,0,0,0,0
knowm.xchange,XChange-xchange-koinim,0,0,0,0
knowm.xchange,XChange-xchange-kraken,0,0,0,0
knowm.xchange,XChange-xchange-kucoin,0,0,0,0
knowm.xchange,XChange-xchange-kuna,0,0,0,0
knowm.xchange,XChange-xchange-lakebtc,0,0,0,0
knowm.xchange,XChange-xchange-liqui,0,0,0,0
knowm.xchange,XChange-xchange-livecoin,5,5,0,0
knowm.xchange,XChange-xchange-mercadobitcoin,0,0,0,0
knowm.xchange,XChange-xchange-okcoin,0,0,0,0
knowm.xchange,XChange-xchange-openexchangerates,0,0,0,0
knowm.xchange,XChange-xchange-paribu,0,0,0,0
knowm.xchange,XChange-xchange-paymium,0,0,0,0
knowm.xchange,XChange-xchange-poloniex,0,0,0,0
knowm.xchange,XChange-xchange-quoine,0,0,0,0
knowm.xchange,XChange-xchange-ripple,0,0,0,0
knowm.xchange,XChange-xchange-therock,0,0,0,0
knowm.xchange,XChange-xchange-truefx,0,0,0,0
knowm.xchange,XChange-xchange-upbit,0,0,0,0
knowm.xchange,XChange-xchange-wex,0,0,0,0
knowm.xchange,XChange-xchange-zaif,0,0,0,0
lets-blade.blade,blade-,0,0,0,0
libgdx.libgdx,libgdx-gdx,0,0,0,0
looly.hutool,hutool-hutool-aop,0,0,0,0
looly.hutool,hutool-hutool-bloomFilter,0,0,0,0
looly.hutool,hutool-hutool-cache,0,0,0,0
looly.hutool,hutool-hutool-captcha,0,0,0,0
looly.hutool,hutool-hutool-core,1,0,0,1
looly.hutool,hutool-hutool-cron,1,1,0,0
looly.hutool,hutool-hutool-crypto,0,0,0,0
looly.hutool,hutool-hutool-db,30,30,0,0
looly.hutool,hutool-hutool-dfa,0,0,0,0
looly.hutool,hutool-hutool-extra,0,0,0,0
looly.hutool,hutool-hutool-http,0,0,0,0
looly.hutool,hutool-hutool-json,0,0,0,0
looly.hutool,hutool-hutool-log,0,0,0,0
looly.hutool,hutool-hutool-poi,0,0,0,0
looly.hutool,hutool-hutool-script,0,0,0,0
looly.hutool,hutool-hutool-setting,0,0,0,0
looly.hutool,hutool-hutool-system,0,0,0,0
oracle.opengrok,opengrok-plugins,0,0,0,0
oracle.opengrok,opengrok-suggester,0,0,0,0
orbit.orbit,orbit-actors-core,0,0,0,0
orbit.orbit,orbit-actors-json,0,0,0,0
orbit.orbit,orbit-actors-runtime,1,0,0,1
orbit.orbit,orbit-actors-test-actor-tests,0,0,0,0
orbit.orbit,orbit-commons,0,0,0,0
oryxproject.oryx,oryx-app-oryx-app-api,0,0,0,0
oryxproject.oryx,oryx-framework-oryx-common,2,1,0,1
pedrovgs.algorithms,Algorithms-,0,0,0,0
querydsl.querydsl,querydsl-querydsl-codegen,1,1,0,0
querydsl.querydsl,querydsl-querydsl-collections,0,0,0,0
querydsl.querydsl,querydsl-querydsl-core,2,2,0,0
querydsl.querydsl,querydsl-querydsl-hibernate-search,3,3,0,0
querydsl.querydsl,querydsl-querydsl-jdo,0,0,0,0
querydsl.querydsl,querydsl-querydsl-jpa,295,218,24,53
querydsl.querydsl,querydsl-querydsl-jpa-codegen,3,0,3,0
querydsl.querydsl,querydsl-querydsl-lucene3,0,0,0,0
querydsl.querydsl,querydsl-querydsl-lucene4,0,0,0,0
querydsl.querydsl,querydsl-querydsl-lucene5,0,0,0,0
querydsl.querydsl,querydsl-querydsl-maven-plugin,1,1,0,0
querydsl.querydsl,querydsl-querydsl-mongodb,0,0,0,0
querydsl.querydsl,querydsl-querydsl-spatial,0,0,0,0
querydsl.querydsl,querydsl-querydsl-sql,3318,2768,550,0
querydsl.querydsl,querydsl-querydsl-sql-codegen,6,3,3,0
querydsl.querydsl,querydsl-querydsl-sql-spatial,38,38,0,0
raphw.byte-buddy,byte-buddy-byte-buddy-agent,0,0,0,0
raphw.byte-buddy,byte-buddy-byte-buddy-android,0,0,0,0
raphw.byte-buddy,byte-buddy-byte-buddy-benchmark,0,0,0,0
raphw.byte-buddy,byte-buddy-byte-buddy-dep,11,11,0,0
raphw.byte-buddy,byte-buddy-byte-buddy-maven-plugin,12,12,0,0
rest-assured.rest-assured,rest-assured-examples-spring-mvc-webapp,0,0,0,0
rest-assured.rest-assured,rest-assured-json-path,0,0,0,0
rest-assured.rest-assured,rest-assured-modules-json-schema-validator,0,0,0,0
rest-assured.rest-assured,rest-assured-modules-spring-mock-mvc,0,0,0,0
rest-assured.rest-assured,rest-assured-rest-assured,0,0,0,0
rest-assured.rest-assured,rest-assured-rest-assured-common,0,0,0,0
rest-assured.rest-assured,rest-assured-xml-path,0,0,0,0
scribejava.scribejava,scribejava-scribejava-apis,0,0,0,0
scribejava.scribejava,scribejava-scribejava-core,0,0,0,0
scribejava.scribejava,scribejava-scribejava-httpclient-apache,0,0,0,0
scribejava.scribejava,scribejava-scribejava-httpclient-ning,0,0,0,0
scribejava.scribejava,scribejava-scribejava-httpclient-okhttp,0,0,0,0
spotify.helios,helios-helios-client,0,0,0,0
spotify.helios,helios-helios-services,0,0,0,0
spotify.helios,helios-helios-system-tests,0,0,0,0
spotify.helios,helios-helios-testing,2,1,0,1
spotify.helios,helios-helios-tools,4,4,0,0
spring-projects.spring-boot,spring-boot-spring-boot-project-spring-boot,57,46,8,3
spring-projects.spring-boot,spring-boot-spring-boot-project-spring-boot-actuator,0,0,0,0
spring-projects.spring-boot,spring-boot-spring-boot-project-spring-boot-actuator-autoconfigure,10,10,0,0
spring-projects.spring-boot,spring-boot-spring-boot-project-spring-boot-cli,44,17,26,1
spring-projects.spring-boot,spring-boot-spring-boot-project-spring-boot-devtools,0,0,0,0
spring-projects.spring-boot,spring-boot-spring-boot-project-spring-boot-properties-migrator,0,0,0,0
spring-projects.spring-boot,spring-boot-spring-boot-project-spring-boot-test,2,2,0,0
spring-projects.spring-boot,spring-boot-spring-boot-project-spring-boot-test-autoconfigure,2,2,0,0
spring-projects.spring-boot,spring-boot-spring-boot-project-spring-boot-tools-spring-boot-autoconfigure-processor,4,4,0,0
spring-projects.spring-boot,spring-boot-spring-boot-project-spring-boot-tools-spring-boot-configuration-metadata,0,0,0,0
spring-projects.spring-boot,spring-boot-spring-boot-project-spring-boot-tools-spring-boot-configuration-processor,66,60,6,0
spring-projects.spring-boot,spring-boot-spring-boot-project-spring-boot-tools-spring-boot-loader,29,28,0,1
spring-projects.spring-boot,spring-boot-spring-boot-project-spring-boot-tools-spring-boot-maven-plugin,0,0,0,0
spring-projects.spring-boot,spring-boot-spring-boot-project-spring-boot-tools-spring-boot-test-support,0,0,0,0
spring-projects.spring-boot,spring-boot-spring-boot-tests-spring-boot-integration-tests-spring-boot-configuration-processor-tests,0,0,0,0
spring-projects.spring-mvc-showcase,spring-mvc-showcase-,0,0,0,0
square.dagger,dagger-compiler,0,0,0,0
square.dagger,dagger-core,0,0,0,0
square.dagger,dagger-examples-simple,0,0,0,0
square.javapoet,javapoet-,0,0,0,0
square.keywhiz,keywhiz-api,1,1,0,0
square.keywhiz,keywhiz-cli,0,0,0,0
square.keywhiz,keywhiz-hkdf,0,0,0,0
square.moshi,moshi-adapters,0,0,0,0
square.moshi,moshi-kotlin-codegen,0,0,0,0
square.moshi,moshi-kotlin-tests,0,0,0,0
square.moshi,moshi-moshi,0,0,0,0
square.okhttp,okhttp-mockwebserver,0,0,0,0
square.okhttp,okhttp-okcurl,0,0,0,0
square.okhttp,okhttp-okhttp-android-support,0,0,0,0
square.okhttp,okhttp-okhttp-apache,0,0,0,0
square.okhttp,okhttp-okhttp-dnsoverhttps,0,0,0,0
square.okhttp,okhttp-okhttp-logging-interceptor,0,0,0,0
square.okhttp,okhttp-okhttp-sse,0,0,0,0
square.okhttp,okhttp-okhttp-tests,26,15,11,0
square.okhttp,okhttp-okhttp-tls,0,0,0,0
square.okhttp,okhttp-okhttp-urlconnection,0,0,0,0
square.otto,otto-otto,0,0,0,0
square.retrofit,retrofit-retrofit,2,2,0,0
square.retrofit,retrofit-retrofit-adapters-guava,0,0,0,0
square.retrofit,retrofit-retrofit-adapters-java8,0,0,0,0
square.retrofit,retrofit-retrofit-adapters-rxjava,7,7,0,0
square.retrofit,retrofit-retrofit-adapters-rxjava2,0,0,0,0
square.retrofit,retrofit-retrofit-adapters-scala,0,0,0,0
square.retrofit,retrofit-retrofit-converters-gson,0,0,0,0
square.retrofit,retrofit-retrofit-converters-guava,0,0,0,0
square.retrofit,retrofit-retrofit-converters-jackson,0,0,0,0
square.retrofit,retrofit-retrofit-converters-java8,0,0,0,0
square.retrofit,retrofit-retrofit-converters-jaxb,0,0,0,0
square.retrofit,retrofit-retrofit-converters-moshi,0,0,0,0
square.retrofit,retrofit-retrofit-converters-protobuf,0,0,0,0
square.retrofit,retrofit-retrofit-converters-scalars,0,0,0,0
square.retrofit,retrofit-retrofit-converters-simplexml,0,0,0,0
square.retrofit,retrofit-retrofit-converters-wire,0,0,0,0
square.retrofit,retrofit-retrofit-mock,0,0,0,0
thinkaurelius.titan,titan-titan-test,3,2,1,0
togglz.togglz,togglz-amazon-s3,0,0,0,0
togglz.togglz,togglz-appengine,0,0,0,0
togglz.togglz,togglz-archaius,0,0,0,0
togglz.togglz,togglz-core,0,0,0,0
togglz.togglz,togglz-deltaspike,0,0,0,0
togglz.togglz,togglz-hazelcast,0,0,0,0
togglz.togglz,togglz-junit,9,9,0,0
togglz.togglz,togglz-microprofile-config,0,0,0,0
togglz.togglz,togglz-mongodb,1,1,0,0
togglz.togglz,togglz-redis,0,0,0,0
togglz.togglz,togglz-spring-boot-autoconfigure,0,0,0,0
togglz.togglz,togglz-spring-core,0,0,0,0
togglz.togglz,togglz-testing,0,0,0,0
togglz.togglz,togglz-zookeeper,0,0,0,0
tootallnate.java-websocket,Java-WebSocket-,73,50,23,0
undertow-io.undertow,undertow-servlet,0,0,0,0
undertow-io.undertow,undertow-websockets-jsr,0,0,0,0
wildfly.wildfly,wildfly-batch-jberet,0,0,0,0
wildfly.wildfly,wildfly-bean-validation,1,1,0,0
wildfly.wildfly,wildfly-clustering-api,0,0,0,0
wildfly.wildfly,wildfly-clustering-common,0,0,0,0
wildfly.wildfly,wildfly-clustering-ee-infinispan,0,0,0,0
wildfly.wildfly,wildfly-clustering-ee-spi,0,0,0,0
wildfly.wildfly,wildfly-clustering-ejb-infinispan,0,0,0,0
wildfly.wildfly,wildfly-clustering-infinispan-extension,0,0,0,0
wildfly.wildfly,wildfly-clustering-infinispan-spi,0,0,0,0
wildfly.wildfly,wildfly-clustering-jgroups-extension,0,0,0,0
wildfly.wildfly,wildfly-clustering-marshalling-jboss,0,0,0,0
wildfly.wildfly,wildfly-clustering-marshalling-spi,0,0,0,0
wildfly.wildfly,wildfly-clustering-server,0,0,0,0
wildfly.wildfly,wildfly-clustering-service,0,0,0,0
wildfly.wildfly,wildfly-clustering-singleton-api,0,0,0,0
wildfly.wildfly,wildfly-clustering-singleton-extension,0,0,0,0
wildfly.wildfly,wildfly-clustering-web-infinispan,0,0,0,0
wildfly.wildfly,wildfly-clustering-web-spi,0,0,0,0
wildfly.wildfly,wildfly-clustering-web-undertow,0,0,0,0
wildfly.wildfly,wildfly-connector,0,0,0,0
wildfly.wildfly,wildfly-datasources-agroal,0,0,0,0
wildfly.wildfly,wildfly-ee,0,0,0,0
wildfly.wildfly,wildfly-ee-security,0,0,0,0
wildfly.wildfly,wildfly-ejb3,0,0,0,0
wildfly.wildfly,wildfly-jaxrs,0,0,0,0
wildfly.wildfly,wildfly-jdr-jboss-as-jdr,0,0,0,0
wildfly.wildfly,wildfly-jpa-hibernate-transformer,0,0,0,0
wildfly.wildfly,wildfly-jpa-hibernate4_3,0,0,0,0
wildfly.wildfly,wildfly-jpa-hibernate5,0,0,0,0
wildfly.wildfly,wildfly-jpa-hibernate5_3,0,0,0,0
wildfly.wildfly,wildfly-jpa-subsystem,0,0,0,0
wildfly.wildfly,wildfly-jsr77,0,0,0,0
wildfly.wildfly,wildfly-legacy-cmp,0,0,0,0
wildfly.wildfly,wildfly-legacy-configadmin,0,0,0,0
wildfly.wildfly,wildfly-legacy-jaxr,0,0,0,0
wildfly.wildfly,wildfly-legacy-messaging,0,0,0,0
wildfly.wildfly,wildfly-legacy-web,1,1,0,0
wildfly.wildfly,wildfly-mail,0,0,0,0
wildfly.wildfly,wildfly-messaging-activemq,0,0,0,0
wildfly.wildfly,wildfly-microprofile-config-smallrye,0,0,0,0
wildfly.wildfly,wildfly-microprofile-health-smallrye,0,0,0,0
wildfly.wildfly,wildfly-microprofile-opentracing-extension,0,0,0,0
wildfly.wildfly,wildfly-mod_cluster-extension,0,0,0,0
wildfly.wildfly,wildfly-mod_cluster-undertow,0,0,0,0
wildfly.wildfly,wildfly-naming,44,44,0,0
wildfly.wildfly,wildfly-pojo,0,0,0,0
wildfly.wildfly,wildfly-sar,0,0,0,0
wildfly.wildfly,wildfly-security-subsystem,2,2,0,0
wildfly.wildfly,wildfly-testsuite-integration-web,30,16,2,12
wildfly.wildfly,wildfly-undertow,0,0,0,0
wildfly.wildfly,wildfly-web-common,0,0,0,0
wildfly.wildfly,wildfly-webservices-server-integration,0,0,0,0
wildfly.wildfly,wildfly-weld-subsystem,0,0,0,0
wro4j.wro4j,wro4j-wro4j-core,243,198,0,45
wro4j.wro4j,wro4j-wro4j-extensions,3,2,0,1
wro4j.wro4j,wro4j-wro4j-maven-plugin,0,0,0,0
xetorthio.jedis,jedis-,0,0,0,0
zxing.zxing,zxing-core,0,0,0,0
zxing.zxing,zxing-javase,0,0,0,0
zxing.zxing,zxing-zxingorg,0,0,0,0
1and1.cosm,cosmo-cosmo-core,27,8,19,0
addthis.hydra,hydra-hydra-filters,3,0,3,0
adobe.s3mock,S3Mock-testsupport-junit4,1,1,0,0
aeshell.aesh,aesh-aesh,10,8,2,0
alibaba.easyexcel,easyexcel,4,4,0,0
alibaba.jvm-sandbox,jvm-sandbox-sandbox-qatest,17,13,0,4
alien4cloud.alien4cloud,alien4cloud-alien4cloud-core,101,87,14,0
alien4cloud.alien4cloud,alien4cloud-alien4cloud-security,1,0,0,1
alien4cloud.alien4cloud,alien4cloud-alien4cloud-tosca,66,1,65,0
alipay.sofa-ark,sofa-ark-sofa-ark-parent-core-impl-container,7,7,0,0
alipay.sofa-ark,sofa-ark-sofa-ark-parent-support-ark-support-starter,2,2,0,0
apache.commons-compress,commons-compress,57,57,0,0
apache.commons-pool,commons-pool,63,63,0,0
apache.ctakes,ctakes-ctakes-context-tokenizer,1,1,0,0
apache.ctakes,ctakes-ctakes-core,3,3,0,0
apache.ctakes,ctakes-ctakes-dependency-parser,2,2,0,0
apache.ctakes,ctakes-ctakes-ne-contexts,5,5,0,0
apache.ctakes,ctakes-ctakes-pos-tagger,3,2,0,1
apache.ctakes,ctakes-ctakes-preprocessor,1,1,0,0
apache.ctakes,ctakes-ctakes-relation-extractor,1,1,0,0
apache.fl,fluo-modules-api,4,4,0,0
apache.nifi-registry,nifi-registry-nifi-registry-core-nifi-registry-bundle-utils,4,2,2,0
apache.nifi-registry,nifi-registry-nifi-registry-core-nifi-registry-framework,3,3,0,0
apache.nifi-registry,nifi-registry-nifi-registry-core-nifi-registry-properties,8,8,0,0
apache.olingo-odata4,olingo-odata4-fit,1,1,0,0
apache.olingo-odata4,olingo-odata4-lib-server-core-ext,109,55,54,0
apache.qpid-jms,qpid-jms-qpid-jms-client,146,3,140,3
apache.qpid-jms,qpid-jms-qpid-jms-interop-tests-qpid-jms-activemq-tests,365,209,156,0
apache.tez,tez-tez-plugins-tez-yarn-timeline-history-with-acls,1,1,0,0
apache.tez,tez-tez-tests,79,31,20,28
apache.tez,tez-tez-tools-analyzers-job-analyzer,2,2,0,0
apereo.java-cas-clien,java-cas-client-cas-client-integration-tomcat-common,3,3,0,0
armenak.datadefender,DataDefender,2,2,0,0
authorjapps.zerocode,zerocode,2,2,0,0
baeldung.reddit-a,reddit-app-reddit-common,7,3,4,0
baeldung.reddit-a,reddit-app-reddit-web,30,28,2,0
baeldung.spring-security-oauth,spring-security-oauth-oauth-authorization-server,1,1,0,0
baeldung.spring-security-oauth,spring-security-oauth-oauth-resource-server-1,6,0,6,0
baeldung.spring-security-oauth,spring-security-oauth-oauth-resource-server-2,2,0,2,0
baidu.uid-generator,uid-generator,8,4,4,0
biezhi.excel-plus,excel-plus,6,6,0,0
braintree.braintree_java,braintree_java,698,682,16,0
bridata.dbus,DBus-encoder-plugins,1,1,0,0
c2mon.c2mon,c2mon-c2mon-client-c2mon-client-core,3,3,0,0
c2mon.c2mon,c2mon-c2mon-server-c2mon-server-common,2,2,0,0
cache2k.cache2k,cache2k-cache2k-core,86,84,2,0
cache2k.cache2k,cache2k-cache2k-jcache,3,3,0,0
cache2k.cache2k,cache2k-cache2k-jcache-tests,34,34,0,0
cache2k.cache2k,cache2k-cache2k-spring,3,3,0,0
cache2k.cache2k,cache2k-test-osgi,6,1,5,0
cescoffier.vertx-completable-future,vertx-completable-future,1,1,0,0
checkstyle.eclipse-cs,eclipse-cs-net.sf.eclipsecs.checkstyle,1,1,0,0
code4everything.ef,efo,1,1,0,0
codingchili.excelastic,excelastic,1,1,0,0
cognifide.aem-rules-for-sonarqube,AEM-Rules-for-SonarQube,1,1,0,0
comcast.cmb,cmb,202,162,32,8
criccomini.ezdb,ezdb-ezdb-leveldb-jni,1,1,0,0
criccomini.ezdb,ezdb-ezdb-lmdb-jnr,2,2,0,0
criccomini.ezdb,ezdb-ezdb-rocksdb-jni,1,1,0,0
criccomini.ezdb,ezdb-ezdb-treemap,86,86,0,0
cukespace.cukespace,cukespace-examples-testng,4,2,2,0
dadoonet.fscrawler,fscrawler-cli,1,0,0,1
dadoonet.fscrawler,fscrawler-integration-tests-it-v5,88,0,0,88
dadoonet.fscrawler,fscrawler-integration-tests-it-v6,88,0,0,88
danielolszewski.blog,blog-jax-rs-standard,1,1,0,0
danielolszewski.blog,blog-spring-boot-html-mail,1,1,0,0
davidmoten.rxjava2-extras,rxjava2-extras,1,1,0,0
deegree.deegree3,deegree3-deegree-core-deegree-core-cs,4,4,0,0
deegree.deegree3,deegree3-deegree-core-deegree-core-style,2,0,2,0
devleoko.advancedban,AdvancedBan,4,4,0,0
dice-group.agdistis,AGDISTIS,23,12,4,7
dieselpoint.norm,norm,4,4,0,0
digitalfondue.lavagna,lavagna,172,172,0,0
dma-ais.aislib,AisLib-ais-lib-communication,30,20,10,0
dma-ais.aislib_output,AisLib-ais-lib-json,0,0,0,0
dma-ais.aislib_output,AisLib-ais-lib-messages,0,0,0,0
dozermapper.dozer,dozer-core,3,3,0,0
dozermapper.dozer,dozer-tests-dozer-wildfly-tests,3,3,0,0
drucoder.sweater,sweater,24,12,12,0
dschanoeh.kayak,Kayak-Kayak-kcd,7,7,0,0
easymock.easymock,easymock-core,3,3,0,0
easymock.easymock,easymock-test-osgi,13,7,6,0
easymock.easymock,easymock-test-testng,1,1,0,0
eclipse-ee4j.tyrus,tyrus-samples-shared-collection,1,1,0,0
eclipse-ee4j.tyrus,tyrus-tests-e2e-non-deployable,1,1,0,0
eclipse-ee4j.tyrus,tyrus-tests-e2e-standard-config,1,0,0,1
eclipse-ee4j.tyrus,tyrus-tests-servlet-async,6,6,0,0
eclipse-ee4j.tyrus,tyrus-tests-servlet-basic,16,16,0,0
eclipse-ee4j.tyrus,tyrus-tests-servlet-debug,10,10,0,0
eclipse-ee4j.tyrus,tyrus-tests-servlet-maxsessions-per-app,2,2,0,0
eclipse-ee4j.tyrus,tyrus-tests-servlet-maxsessions-per-remoteaddr,2,2,0,0
eclipse-ee4j.tyrus,tyrus-tests-servlet-mbean,1,1,0,0
eclipse-ee4j.tyrus,tyrus-tests-servlet-noappconfig,2,2,0,0
eclipse-ee4j.tyrus,tyrus-tests-servlet-oneappconfig,2,2,0,0
eclipse-ee4j.tyrus,tyrus-tests-servlet-session,8,8,0,0
eclipse-ee4j.tyrus,tyrus-tests-servlet-twoappconfig,2,2,0,0
eclipse.eclipse-collections-kata,eclipse-collections-kata-candy-kata,2,2,0,0
eclipse.eclipse-collections-kata,eclipse-collections-kata-company-kata,42,42,0,0
eclipse.eclipse-collections-kata,eclipse-collections-kata-pet-kata,27,27,0,0
ehcache.sizeof,sizeof,1,1,0,0
ekryd.sortpom,sortpom-sorter,136,12,117,7
elennick.retry4j,retry4j,17,17,0,0
espertechinc.esper,esper-examples-rfidassetzone,1,1,0,0
espertechinc.esper,esper-examples-stockticker,1,1,0,0
eviltester.startusingseleniumwebdriver,startUsingSeleniumWebDriver,3,3,0,0
fabric8io.shootout-docker-maven,shootout-docker-maven,1,1,0,0
faustxvi.junit5-docker,junit5-docker,12,12,0,0
feroult.yaw,yawp-yawp-maven-plugin-yawp-maven-plugin,6,6,0,0
feroult.yaw,yawp-yawp-postgresql,18,18,0,0
feroult.yaw,yawp-yawp-testing-yawp-testing-appengine,1,1,0,0
fhoeben.hsac-fitnesse-fixtures,hsac-fitnesse-fixtures,1,1,0,0
flaxsearch.luwak,luwak-luwak,2,0,0,2
fluent.fluent-logger-java,fluent-logger-java,4,1,3,0
fromage.redpipe,redpipe-redpipe-engine,38,38,0,0
fromage.redpipe,redpipe-redpipe-example-wiki-shiro-jdbc,1,1,0,0
fromage.redpipe,redpipe-redpipe-service-discovery,2,2,0,0
fromage.redpipe,redpipe-redpipe-templating-freemarker,14,14,0,0
galigator.openlle,openllet-module-owlapi,1,1,0,0
gbif.i,ipt,2,2,0,0
gooddata.gooddata-cl,GoodData-CL-connector,1,1,0,0
googlecloudplatform.dataflowtemplates,DataflowTemplates,11,11,0,0
graphhopper.map-matching,map-matching-matching-web,6,6,0,0
handosme.mybatis-generator-plus,mybatis-generator-plus,4,2,2,0
haoxiaoyong1014.springboot-examples,springboot-examples-springboot-rabbitmq,9,1,8,0
hexagonframework.spring-data-ebean,spring-data-ebean,1,1,0,0
hpi-information-systems.metanome,Metanome-testing_algorithms-example_basic_stat_algorithm,1,1,0,0
hsiafan.requests,requests,2,2,0,0
ihtsdo.snomed-in-5-minutes,SNOMED-in-5-minutes-rest-client,4,4,0,0
intuit.benten,benten-benten-jenkins-bolt,11,0,11,0
intuit.benten,benten-benten-jira-bolt,41,0,41,0
itfsw.mybatis-generator-plugin,mybatis-generator-plugin,93,93,0,0
javadelight.delight-nashorn-sandbox,delight-nashorn-sandbox,1,1,0,0
javagl.jgltf,JglTF-jgltf-model,6,0,6,0
javolution.javolution,javolution,89,89,0,0
jenkinsci.chucknorris-plugin,chucknorris-plugin,1,1,0,0
jenkinsci.credentials-plugin,credentials-plugin,1,1,0,0
jenkinsci.docker-plugin,docker-plugin,13,4,0,9
jenkinsci.email-ext-plugin,email-ext-plugin,55,55,0,0
jenkinsci.jacoco-plugin,jacoco-plugin,3,3,0,0
jenkinsci.jira-plugin,jira-plugin,4,4,0,0
jenkinsci.maven-plugin,maven-plugin,1,0,0,1
jenkinsci.performance-plugin,performance-plugin,2,2,0,0
jenkinsci.ssh-slaves-plugin,ssh-slaves-plugin,1,0,0,1
jenkinsci.workflow-cps-global-lib-plugin,workflow-cps-global-lib-plugin,6,5,0,1
jenkinsci.workflow-cps-plugin,workflow-cps-plugin,27,26,0,1
jenkinsci.workflow-multibranch-plugin,workflow-multibranch-plugin,7,7,0,0
jetty-project.jetty-alpn,jetty-alpn-alpn-tests,14,14,0,0
jflex-de.jflex,jflex-cup-maven-plugin,1,1,0,0
jflex-de.jflex,jflex-jflex,8,2,5,1
jflex-de.jflex,jflex-jflex-maven-plugin,4,4,0,0
jhipster.jhipster-online,jhipster-online,154,5,149,0
jhipster.jhipster-registry,jhipster-registry,1,1,0,0
jhipster.jhipster-sample-app-reac,jhipster-sample-app-react,9,2,7,0
jhipster.jhipster-sample-a,jhipster-sample-app,9,2,7,0
jmeter-maven-plugin.jmeter-maven-plugin,jmeter-maven-plugin,2,2,0,0
jmock-developers.jmock-library,jmock-library-jmock,1,0,0,1
jnr.jnr-posix,jnr-posix,12,10,2,0
joshjdevl.libsodium-jni,libsodium-jni,74,74,0,0
jpmml.jpmml-model,jpmml-model-pmml-model,1,1,0,0
kagkarlsson.db-scheduler,db-scheduler,4,4,0,0
kengotoda.what-is-maven,what-is-maven-sample-maven-plugin,4,2,2,0
kobeyk.spring-boot-neo4j-movies,Spring-Boot-Neo4j-Movies,5,5,0,0
ktuukkan.marine-api,marine-api,12,12,0,0
lcw2004.one,one-one-file-server,1,1,0,0
lcw2004.one,one-one-notify,3,2,0,1
lcw2004.one,one-one-workflow,1,1,0,0
lordofthejars.nosql-uni,nosql-unit-nosqlunit-cassandra,30,30,0,0
lordofthejars.nosql-uni,nosql-unit-nosqlunit-core,31,31,0,0
lordofthejars.nosql-uni,nosql-unit-nosqlunit-elasticsearch,12,10,0,2
lordofthejars.nosql-uni,nosql-unit-nosqlunit-elasticsearch2,13,10,0,3
lordofthejars.nosql-uni,nosql-unit-nosqlunit-infinispan,14,10,0,4
lordofthejars.nosql-uni,nosql-unit-nosqlunit-mongodb,4,4,0,0
lordofthejars.nosql-uni,nosql-unit-nosqlunit-vault,5,5,0,0
luisgoncalves.xades4j,xades4j,2,2,0,0
marcosbarbero.spring-cloud-zuul-ratelimi,spring-cloud-zuul-ratelimit-spring-cloud-zuul-ratelimit-core,12,9,3,0
marcosbarbero.spring-cloud-zuul-ratelimi,spring-cloud-zuul-ratelimit-spring-cloud-zuul-ratelimit-tests-bucket4j-hazelcast,1,1,0,0
marcosbarbero.spring-cloud-zuul-ratelimi,spring-cloud-zuul-ratelimit-spring-cloud-zuul-ratelimit-tests-bucket4j-ignite,1,1,0,0
marcosbarbero.spring-cloud-zuul-ratelimi,spring-cloud-zuul-ratelimit-spring-cloud-zuul-ratelimit-tests-bucket4j-infinispan,1,1,0,0
marcosbarbero.spring-cloud-zuul-ratelimi,spring-cloud-zuul-ratelimit-spring-cloud-zuul-ratelimit-tests-consul,2,1,1,0
marcosbarbero.spring-cloud-zuul-ratelimi,spring-cloud-zuul-ratelimit-spring-cloud-zuul-ratelimit-tests-redis,1,1,0,0
marcosbarbero.spring-cloud-zuul-ratelimi,spring-cloud-zuul-ratelimit-spring-cloud-zuul-ratelimit-tests-springdata,1,1,0,0
martinpaljak.globalplatformpro_output,GlobalPlatformPro,0,0,0,0
mbechler.marshalsec,marshalsec,17,17,0,0
merck.halyard,Halyard-sail,6,6,0,0
merck.halyard,Halyard-tools,2,2,0,0
merck.halyard_output,Halyard-common,0,0,0,0
merck.halyard_output,Halyard-rio,0,0,0,0
merck.halyard_output,Halyard-strategy,0,0,0,0
microsoft.git-credential-manager-for-mac-and-linux,Git-Credential-Manager-for-Mac-and-Linux,1,1,0,0
microsoft.java-debug,java-debug-com.microsoft.java.debug.core,43,43,0,0
microsoft.spring-data-gremlin,spring-data-gremlin,143,1,142,0
mobivm.robovm,robovm-plugins-junit-client,3,3,0,0
my2iu.jinq,Jinq-jinq-hibernate-legacy,189,148,41,0
nationalsecurityagency.emissary,emissary,104,64,38,2
nationalsecurityagency.timely_output,timely-client,0,0,0,0
nationalsecurityagency.timely_output,timely-server,56,48,5,3
netsoss.headless-bur,headless-burp-headless-burp-scanner,3,2,0,1
nguyenq.tess4j,tess4j,60,56,0,4
ntmcminn.alfresco-pdf-toolki,alfresco-pdf-toolkit-pdf-toolkit-repo,1,0,1,0
odrotbohm.sos,sos-20-modulith,2,1,0,1
odrotbohm.sos,sos-30-messaging-sos-sos-messaging-orders,1,1,0,0
odrotbohm.sos,sos-40-restful-sos-sos-rest-catalog,1,1,0,0
open-eid.digidoc4j,digidoc4j,79,19,21,39
openadv.gae,gae,1,1,0,0
opencypher.opencypher,openCypher-tools-grammar,2,0,2,0
openhft.chronicle-network_output,Chronicle-Network,0,0,0,0
openhft.chronicle-threads_output,Chronicle-Threads,0,0,0,0
openhft.chronicle-wire,Chronicle-Wire,1,1,0,0
openpojo.openpoj,openpojo,30,22,8,0
opentelecoms-org.jsm,jsmpp-jsmpp,4,4,0,0
openzipkin.zipkin-finagle,zipkin-finagle-core,1,1,0,0
openzipkin.zipkin-finagle,zipkin-finagle-http,4,4,0,0
openzipkin.zipkin-finagle,zipkin-finagle-kafka,3,3,0,0
openzipkin.zipkin-finagle,zipkin-finagle-scribe,2,1,0,1
ops4j.org.ops4j.pax.web,org.ops4j.pax.web-pax-web-extender-war,1,1,0,0
ops4j.org.ops4j.pax.web,org.ops4j.pax.web-pax-web-itest-pax-web-itest-container-pax-web-itest-container-jetty,54,46,0,8
ops4j.org.ops4j.pax.web,org.ops4j.pax.web-pax-web-itest-pax-web-itest-container-pax-web-itest-container-tomcat,12,12,0,0
ops4j.org.ops4j.pax.web,org.ops4j.pax.web-pax-web-itest-pax-web-itest-container-pax-web-itest-container-undertow,73,9,63,1
ops4j.org.ops4j.pax.web,org.ops4j.pax.web-pax-web-itest-pax-web-itest-karaf,63,63,0,0
ops4j.org.ops4j.pax.web,org.ops4j.pax.web-pax-web-jetty,5,3,0,2
oracle.oci-java-sdk,oci-java-sdk-bmc-common,16,4,12,0
oracle.oci-java-sdk,oci-java-sdk-bmc-objectstorage-bmc-objectstorage-extensions,2,0,0,2
outbrain.aletheia,Aletheia-aletheia-core,6,4,2,0
outbrain.aletheia,Aletheia-aletheia-kafka0.10,2,2,0,0
ozimov.spring-boot-email-tools,spring-boot-email-tools-spring-boot-email-core,9,9,0,0
ozimov.spring-boot-email-tools,spring-boot-email-tools-spring-boot-email-template-engines-spring-boot-freemarker-email,1,0,0,1
pholser.junit-quickcheck,junit-quickcheck-generators,4,4,0,0
pholser.junit-quickcheck,junit-quickcheck-guava,1,1,0,0
pippo-java.pi,pippo-pippo-controller-parent-pippo-weld,1,1,0,0
pippo-java.pi,pippo-pippo-session-parent-pippo-session-infinispan,1,1,0,0
pippo-java.pi,pippo-pippo-session-parent-pippo-session-jdbc,3,3,0,0
pippo-java.pi,pippo-pippo-session-parent-pippo-session-jedis,5,5,0,0
pippo-java.pi,pippo-pippo-session-parent-pippo-session-mongodb,4,4,0,0
powertac.powertac-server,powertac-server-visualizer2,8,5,3,0
ppiastucki.recast4j,recast4j-detourtilecache,1,1,0,0
radkovo.jstyleparser,jStyleParser,2,2,0,0
ripe-ncc.whois_output,whois-whois-api,2268,760,1508,0
ripe-ncc.whois_output,whois-whois-client,0,0,0,0
ripe-ncc.whois_output,whois-whois-commons,425,154,271,0
ripe-ncc.whois_output,whois-whois-db,12,12,0,0
ripe-ncc.whois_output,whois-whois-endtoend,0,0,0,0
ripe-ncc.whois_output,whois-whois-nrtm,108,78,30,0
ripe-ncc.whois_output,whois-whois-query,476,286,190,0
ripe-ncc.whois_output,whois-whois-rpsl,0,0,0,0
ripe-ncc.whois_output,whois-whois-scheduler,76,32,44,0
ripe-ncc.whois_output,whois-whois-update,56,41,15,0
rohanpadhye.jqf,jqf-examples,2,2,0,0
romeh.spring-boot-sample-a,spring-boot-sample-app,2,2,0,0
rrd4j.rrd4j,rrd4j,2,2,0,0
salesforce-marketingcloud.fuelsdk-java,FuelSDK-Java,145,145,0,0
shred.acme4j,acme4j-acme4j-client,5,5,0,0
shred.acme4j,acme4j-acme4j-it,16,16,0,0
shred.acme4j,acme4j-acme4j-utils,4,4,0,0
signalapp.signal-server_output,Signal-Server,20,20,0,0
snowxwolf.b,boot,1,1,0,0
softinstigate.resthear,restheart,21,20,0,1
sonatype-nexus-community.nexus-repository-helm,nexus-repository-helm,1,0,0,1
spinn3r.noxy,noxy-noxy-discovery-zookeeper,3,3,0,0
spinn3r.noxy,noxy-noxy-forward,3,3,0,0
spinn3r.noxy,noxy-noxy-integration-test,4,4,0,0
spinn3r.noxy,noxy-noxy-reverse,6,3,3,0
spotbugs.sonar-findbugs,sonar-findbugs,25,25,0,0
spotify.folsom,folsom-folsom,25,24,0,1
spring-cloud.spring-cloud-aws,spring-cloud-aws-spring-cloud-aws-context,1,1,0,0
spring-cloud.spring-cloud-aws,spring-cloud-aws-spring-cloud-aws-messaging,2,0,0,2
spring-projects.spring-data-envers,spring-data-envers,3,1,2,0
spring-projects.spring-retry,spring-retry,5,5,0,0
spring-projects.spring-ws,spring-ws-spring-ws-core,50,50,0,0
spring-projects.spring-ws,spring-ws-spring-ws-security,2,2,0,0
steveohara.j2mod,j2mod,49,47,0,2
sudavideo.myvideoapi,MyVideoApi,1,1,0,0
suse.salt-netapi-client_output,salt-netapi-client,9,1,6,2
tbsalling.aismessages,aismessages,3,2,0,1
tencentyun.cos-java-sdk-v5,cos-java-sdk-v5,1,1,0,0
tomitribe.cres,crest-crest-maven-plugin,1,1,0,0
tomitribe.cres,crest-tomitribe-crest-xbean,2,2,0,0
tools4j.unix4j,unix4j-unix4j-core-unix4j-command,3,0,0,3
tycoding.springboot-seckill,springboot-seckill,22,11,11,0
vaadin.charts_output,charts-addon,0,0,0,0
vaadin.charts_output,charts-compatibility-addon,0,0,0,0
vert-x3.vertx-jdbc-client_output,vertx-jdbc-client,9,9,0,0
vert-x3.vertx-kafka-clien,vertx-kafka-client,14,14,0,0
vert-x3.vertx-mongo-clien,vertx-mongo-client,364,183,181,0
vert-x3.vertx-mq,vertx-mqtt,7,7,0,0
vert-x3.vertx-rabbitmq-client_output,vertx-rabbitmq-client,49,27,22,0
vert-x3.vertx-redis-clien,vertx-redis-client,148,148,0,0
vert-x3.vertx-service-proxy,vertx-service-proxy,14,14,0,0
vert-x3.vertx-stack,vertx-stack-stack-docker,4,4,0,0
vert-x3.vertx-stack,vertx-stack-stack-manager,10,8,0,2
visallo.vertexium,vertexium-accumulo,245,245,0,0
visallo.vertexium,vertexium-core,1,1,0,0
visallo.vertexium,vertexium-elasticsearch5,484,242,242,0
visallo.vertexium,vertexium-inmemory,1,1,0,0
vmware.admiral,admiral-adapter-docker,4,4,0,0
vmware.admiral,admiral-adapter-registry,46,25,21,0
vmware.admiral,admiral-closures-closure-services,1,1,0,0
vmware.admiral,admiral-common,2,2,0,0
vmware.admiral,admiral-common-test,4,0,4,0
vmware.admiral,admiral-compute,1,1,0,0
vmware.admiral,admiral-request,163,163,0,0
vmware.admiral,admiral-upgrade,87,44,43,0
watchdog-framework.watchdog-framework,watchdog-framework,12,6,6,0
whvcse.easyweb,EasyWeb,1,1,0,0
wikidata.wikidata-toolki,Wikidata-Toolkit-wdtk-client,2,2,0,0
wikidata.wikidata-toolki,Wikidata-Toolkit-wdtk-dumpfiles,3,3,0,0
wikidata.wikidata-toolki,Wikidata-Toolkit-wdtk-util,2,2,0,0
wikimedia.search-highlighter,search-highlighter-experimental-highlighter-lucene,14,0,0,14
wildfly.wildfly-maven-plugin,wildfly-maven-plugin-tests-shared,11,11,0,0
windup.wind,windup-config-groovy-tests,2,2,0,0
windup.wind,windup-config-tests,30,2,28,0
windup.wind,windup-config-xml-tests,7,0,7,0
windup.wind,windup-decompiler-impl-fernflower,4,4,0,0
windup.wind,windup-decompiler-impl-procyon,3,3,0,0
windup.wind,windup-graph-tests,24,0,24,0
windup.wind,windup-java-ast-tests,15,15,0,0
windup.wind,windup-reporting-tests,27,1,26,0
windup.wind,windup-rules-base-tests,4,0,4,0
windup.wind,windup-rules-java-archives-addon,1,1,0,0
windup.wind,windup-rules-java-archives-tests,8,6,2,0
windup.wind,windup-rules-java-ee-tests,37,5,32,0
windup.wind,windup-rules-java-project-tests,5,0,5,0
windup.wind,windup-rules-xml-tests,30,0,30,0
windup.wind,windup-tests,76,39,36,1
windup.wind,windup-tooling-tests,6,6,0,0
windup.wind,windup-ui-tests,10,0,10,0
windup.wind,windup-utils,1,1,0,0
wojciechzankowski.iextrading4j,iextrading4j-iextrading4j-test,45,0,0,45
wso2.carbon-apimg,carbon-apimgt-analyzer-modules-org.wso2.carbon.apimgt.throttling.siddhi.extension,1,1,0,0
wso2.carbon-apimg,carbon-apimgt-components-apimgt-org.wso2.carbon.apimgt.core,168,124,0,44
wso2.carbon-apimg,carbon-apimgt-components-apimgt-org.wso2.carbon.apimgt.rest.api.core,2,2,0,0
wso2.carbon-apimg,carbon-apimgt-components-apimgt-org.wso2.carbon.apimgt.rest.api.publisher,1,1,0,0
wwhai.easylinker,EasyLinker,1,1,0,0
xiaolyuh.layering-cache,layering-cache-layering-cache-aspectj,35,0,35,0
xiaolyuh.layering-cache,layering-cache-layering-cache-core,12,0,12,0
yahoo.sherlock,sherlock,8,7,0,1
zalando.riptide,riptide-riptide-backup,1,1,0,0
zalando.riptide,riptide-riptide-failsafe,1,1,0,0
zalando.riptide,riptide-riptide-spring-boot-starter,3,3,0,0
zandero.rest.vertx,rest.vertx,2,2,0,0
zhangyd-c.springboot-learning,springboot-learning-springboot-mail,5,4,0,1
zhangyd-c.springboot-learning,springboot-learning-springboot-multi-datasource,21,0,21,0
zhangyd-c.springboot-learning,springboot-learning-springboot-mybatis,1,1,0,0
zhangyd-c.springboot-learning,springboot-learning-springboot-websocket,1,1,0,0
zheng-zy.spring-boot-redis-guava-caffeine-cache,spring-boot-redis-guava-caffeine-cache-guava-cache,2,2,0,0
